timestamp,elapsed_s,state,target_found,target_x_norm,detection_count,yaw_command_deg,event
2026-03-17 19:48:25,0.000,SEARCH,0,,0,,START_AUTONOMY
2026-03-17 19:48:25,45.491,SEARCH,0,,0,6.0000,
2026-03-17 19:48:25,45.528,SEARCH,0,,0,,
2026-03-17 19:48:25,45.544,SEARCH,0,,0,,
2026-03-17 19:48:25,45.570,SEARCH,0,,0,,
2026-03-17 19:48:25,45.599,SEARCH,0,,0,,
2026-03-17 19:48:25,45.629,SEARCH,0,,0,,
2026-03-17 19:48:25,45.661,SEARCH,0,,0,,
2026-03-17 19:48:25,45.693,SEARCH,0,,0,,
2026-03-17 19:48:25,45.724,SEARCH,0,,0,,
2026-03-17 19:48:25,45.756,SEARCH,0,,0,,
2026-03-17 19:48:26,45.807,SEARCH,0,,0,,
2026-03-17 19:48:26,45.838,SEARCH,0,,0,,
2026-03-17 19:48:26,45.874,SEARCH,0,,0,6.0000,
2026-03-17 19:48:26,45.907,SEARCH,0,,0,,
2026-03-17 19:48:26,45.935,SEARCH,0,,0,,
2026-03-17 19:48:26,45.968,SEARCH,0,,0,,
2026-03-17 19:48:26,45.998,SEARCH,0,,0,,
2026-03-17 19:48:26,46.030,SEARCH,0,,0,,
2026-03-17 19:48:26,46.062,SEARCH,0,,0,,
2026-03-17 19:48:26,46.093,SEARCH,0,,0,,
2026-03-17 19:48:26,46.129,SEARCH,0,,0,,
2026-03-17 19:48:26,46.157,SEARCH,0,,0,,
2026-03-17 19:48:26,46.189,SEARCH,0,,0,,
2026-03-17 19:48:26,46.222,SEARCH,0,,0,,
2026-03-17 19:48:26,46.286,SEARCH,0,,0,6.0000,
2026-03-17 19:48:26,46.322,SEARCH,0,,0,,
2026-03-17 19:48:26,46.339,SEARCH,0,,0,,
2026-03-17 19:48:26,46.355,SEARCH,0,,0,,
2026-03-17 19:48:26,46.398,SEARCH,0,,0,,
2026-03-17 19:48:26,46.430,SEARCH,0,,0,,
2026-03-17 19:48:26,46.462,SEARCH,0,,0,,
2026-03-17 19:48:26,46.494,SEARCH,0,,0,,
2026-03-17 19:48:26,46.527,SEARCH,0,,0,,
2026-03-17 19:48:26,46.557,SEARCH,0,,0,,
2026-03-17 19:48:26,46.589,SEARCH,0,,0,,
2026-03-17 19:48:26,46.621,SEARCH,0,,0,,
2026-03-17 19:48:26,46.686,SEARCH,0,,0,6.0000,
2026-03-17 19:48:26,46.718,SEARCH,0,,0,,
2026-03-17 19:48:26,46.753,SEARCH,0,,0,,
2026-03-17 19:48:27,46.783,SEARCH,0,,0,,
2026-03-17 19:48:27,46.814,SEARCH,0,,0,,
2026-03-17 19:48:27,46.846,SEARCH,0,,0,,
2026-03-17 19:48:27,46.879,SEARCH,0,,0,,
2026-03-17 19:48:27,46.913,SEARCH,0,,0,,
2026-03-17 19:48:27,46.923,SEARCH,0,,0,,
2026-03-17 19:48:27,46.958,SEARCH,0,,0,,
2026-03-17 19:48:27,46.990,SEARCH,0,,0,,
2026-03-17 19:48:27,47.022,SEARCH,0,,0,,
2026-03-17 19:48:27,47.088,SEARCH,0,,0,6.0000,
2026-03-17 19:48:27,47.117,SEARCH,0,,0,,
2026-03-17 19:48:27,47.148,SEARCH,0,,0,,
2026-03-17 19:48:27,47.184,SEARCH,0,,0,,
2026-03-17 19:48:27,47.215,SEARCH,0,,0,,
2026-03-17 19:48:27,47.246,SEARCH,0,,0,,
2026-03-17 19:48:27,47.277,SEARCH,0,,0,,
2026-03-17 19:48:27,47.310,SEARCH,0,,0,,
2026-03-17 19:48:27,47.342,SEARCH,0,,0,,
2026-03-17 19:48:27,47.374,SEARCH,0,,0,,
2026-03-17 19:48:27,47.405,SEARCH,0,,0,,
2026-03-17 19:48:27,47.438,SEARCH,0,,0,6.0000,
2026-03-17 19:48:27,47.470,SEARCH,0,,0,,
2026-03-17 19:48:27,47.503,SEARCH,0,,0,,
2026-03-17 19:48:27,47.552,SEARCH,0,,0,,
2026-03-17 19:48:27,47.583,SEARCH,0,,0,,
2026-03-17 19:48:27,47.615,SEARCH,0,,0,,
2026-03-17 19:48:27,47.649,SEARCH,0,,0,,
2026-03-17 19:48:27,47.678,SEARCH,0,,0,,
2026-03-17 19:48:27,47.711,SEARCH,0,,0,,
2026-03-17 19:48:27,47.744,SEARCH,0,,0,,
2026-03-17 19:48:28,47.773,SEARCH,0,,0,,
2026-03-17 19:48:28,47.806,SEARCH,0,,0,6.0000,
2026-03-17 19:48:28,47.840,SEARCH,0,,0,,
2026-03-17 19:48:28,47.870,SEARCH,0,,0,,
2026-03-17 19:48:28,47.902,SEARCH,0,,0,,
2026-03-17 19:48:28,47.936,SEARCH,0,,0,,
2026-03-17 19:48:28,47.967,SEARCH,0,,0,,
2026-03-17 19:48:28,48.000,SEARCH,0,,0,,
2026-03-17 19:48:28,48.032,SEARCH,0,,0,,
2026-03-17 19:48:28,48.066,SEARCH,0,,0,,
2026-03-17 19:48:28,48.111,SEARCH,0,,0,,
2026-03-17 19:48:28,48.143,SEARCH,0,,0,,
2026-03-17 19:48:28,48.176,SEARCH,0,,0,6.0000,
2026-03-17 19:48:28,48.208,SEARCH,0,,0,,
2026-03-17 19:48:28,48.240,SEARCH,0,,0,,
2026-03-17 19:48:28,48.273,SEARCH,0,,0,,
2026-03-17 19:48:28,48.301,SEARCH,0,,0,,
2026-03-17 19:48:28,48.335,SEARCH,0,,0,,
2026-03-17 19:48:28,48.367,SEARCH,0,,0,,
2026-03-17 19:48:28,48.399,SEARCH,0,,0,,
2026-03-17 19:48:28,48.431,SEARCH,0,,0,,
2026-03-17 19:48:28,48.465,SEARCH,0,,0,,
2026-03-17 19:48:28,48.497,SEARCH,0,,0,,
2026-03-17 19:48:28,48.530,SEARCH,0,,0,6.0000,
2026-03-17 19:48:28,48.560,SEARCH,0,,0,,
2026-03-17 19:48:28,48.590,SEARCH,0,,0,,
2026-03-17 19:48:28,48.622,SEARCH,0,,0,,
2026-03-17 19:48:28,48.655,SEARCH,0,,0,,
2026-03-17 19:48:28,48.702,SEARCH,0,,0,,
2026-03-17 19:48:28,48.737,SEARCH,0,,0,,
2026-03-17 19:48:29,48.769,SEARCH,0,,0,,
2026-03-17 19:48:29,48.803,SEARCH,0,,0,,
2026-03-17 19:48:29,48.832,SEARCH,0,,0,,
2026-03-17 19:48:29,48.863,SEARCH,0,,0,,
2026-03-17 19:48:29,48.897,SEARCH,0,,0,6.0000,
2026-03-17 19:48:29,48.926,SEARCH,0,,0,,
2026-03-17 19:48:29,48.963,SEARCH,0,,0,,
2026-03-17 19:48:29,48.992,SEARCH,0,,0,,
2026-03-17 19:48:29,49.022,SEARCH,0,,0,,
2026-03-17 19:48:29,49.086,SEARCH,0,,0,,
2026-03-17 19:48:29,49.119,SEARCH,0,,0,,
2026-03-17 19:48:29,49.151,SEARCH,0,,0,,
2026-03-17 19:48:29,49.182,SEARCH,0,,0,,
2026-03-17 19:48:29,49.214,SEARCH,0,,0,,
2026-03-17 19:48:29,49.223,SEARCH,0,,0,,
2026-03-17 19:48:29,49.267,SEARCH,0,,0,6.0000,
2026-03-17 19:48:29,49.296,SEARCH,0,,0,,
2026-03-17 19:48:29,49.328,SEARCH,0,,0,,
2026-03-17 19:48:29,49.360,SEARCH,0,,0,,
2026-03-17 19:48:29,49.391,SEARCH,0,,0,,
2026-03-17 19:48:29,49.422,SEARCH,0,,0,,
2026-03-17 19:48:29,49.488,SEARCH,0,,0,,
2026-03-17 19:48:29,49.519,SEARCH,0,,0,,
2026-03-17 19:48:29,49.551,SEARCH,0,,0,,
2026-03-17 19:48:29,49.585,SEARCH,0,,0,,
2026-03-17 19:48:29,49.619,SEARCH,0,,0,6.0000,
2026-03-17 19:48:29,49.649,SEARCH,0,,0,,
2026-03-17 19:48:29,49.679,SEARCH,0,,0,,
2026-03-17 19:48:29,49.712,SEARCH,0,,0,,
2026-03-17 19:48:29,49.744,SEARCH,0,,0,,
2026-03-17 19:48:30,49.774,SEARCH,0,,0,,
2026-03-17 19:48:30,49.812,SEARCH,0,,0,,
2026-03-17 19:48:30,49.820,SEARCH,0,,0,,
2026-03-17 19:48:30,49.888,SEARCH,0,,0,,
2026-03-17 19:48:30,49.919,SEARCH,0,,0,,
2026-03-17 19:48:30,49.950,SEARCH,0,,0,,
2026-03-17 19:48:30,49.982,SEARCH,0,,0,6.0000,
2026-03-17 19:48:30,50.018,SEARCH,0,,0,,
2026-03-17 19:48:30,50.054,SEARCH,0,,0,,
2026-03-17 19:48:30,50.082,SEARCH,0,,0,,
2026-03-17 19:48:30,50.111,SEARCH,0,,0,,
2026-03-17 19:48:30,50.143,SEARCH,0,,0,,
2026-03-17 19:48:30,50.174,SEARCH,0,,0,,
2026-03-17 19:48:30,50.208,SEARCH,0,,0,,
2026-03-17 19:48:30,50.238,SEARCH,0,,0,,
2026-03-17 19:48:30,50.273,SEARCH,0,,0,,
2026-03-17 19:48:30,50.305,SEARCH,0,,0,,
2026-03-17 19:48:30,50.335,SEARCH,0,,0,6.0000,
2026-03-17 19:48:30,50.371,SEARCH,0,,0,,
2026-03-17 19:48:30,50.405,SEARCH,0,,0,,
2026-03-17 19:48:30,50.448,SEARCH,0,,0,,
2026-03-17 19:48:30,50.483,SEARCH,0,,0,,
2026-03-17 19:48:30,50.513,SEARCH,0,,0,,
2026-03-17 19:48:30,50.544,SEARCH,0,,0,,
2026-03-17 19:48:30,50.577,SEARCH,0,,0,,
2026-03-17 19:48:30,50.608,SEARCH,0,,0,,
2026-03-17 19:48:30,50.638,SEARCH,0,,0,,
2026-03-17 19:48:30,50.671,SEARCH,0,,0,,
2026-03-17 19:48:30,50.704,SEARCH,0,,0,6.0000,
2026-03-17 19:48:30,50.734,SEARCH,0,,0,,
2026-03-17 19:48:30,50.766,SEARCH,0,,0,,
2026-03-17 19:48:31,50.799,SEARCH,0,,0,,
2026-03-17 19:48:31,50.832,SEARCH,0,,0,,
2026-03-17 19:48:31,50.863,SEARCH,0,,0,,
2026-03-17 19:48:31,50.896,SEARCH,0,,0,,
2026-03-17 19:48:31,50.926,SEARCH,0,,0,,
2026-03-17 19:48:31,50.959,SEARCH,0,,0,,
2026-03-17 19:48:31,51.008,SEARCH,0,,0,,
2026-03-17 19:48:31,51.039,SEARCH,0,,0,,
2026-03-17 19:48:31,51.073,SEARCH,0,,0,6.0000,
2026-03-17 19:48:31,51.105,SEARCH,0,,0,,
2026-03-17 19:48:31,51.135,SEARCH,0,,0,,
2026-03-17 19:48:31,51.166,SEARCH,0,,0,,
2026-03-17 19:48:31,51.200,SEARCH,0,,0,,
2026-03-17 19:48:31,51.231,SEARCH,0,,0,,
2026-03-17 19:48:31,51.265,SEARCH,0,,0,,
2026-03-17 19:48:31,51.297,SEARCH,0,,0,,
2026-03-17 19:48:31,51.330,SEARCH,0,,0,,
2026-03-17 19:48:31,51.362,SEARCH,0,,0,,
2026-03-17 19:48:31,51.390,SEARCH,0,,0,,
2026-03-17 19:48:31,51.420,SEARCH,0,,0,,
2026-03-17 19:48:31,51.487,SEARCH,0,,0,6.0000,
2026-03-17 19:48:31,51.518,SEARCH,0,,0,,
2026-03-17 19:48:31,51.532,SEARCH,0,,0,,
2026-03-17 19:48:31,51.552,SEARCH,0,,0,,
2026-03-17 19:48:31,51.599,SEARCH,0,,0,,
2026-03-17 19:48:31,51.630,SEARCH,0,,0,,
2026-03-17 19:48:31,51.663,SEARCH,0,,0,,
2026-03-17 19:48:31,51.696,SEARCH,0,,0,,
2026-03-17 19:48:31,51.725,SEARCH,0,,0,,
2026-03-17 19:48:31,51.761,SEARCH,0,,0,,
2026-03-17 19:48:32,51.789,SEARCH,0,,0,,
2026-03-17 19:48:32,51.823,SEARCH,0,,0,,
2026-03-17 19:48:32,51.888,SEARCH,0,,0,6.0000,
2026-03-17 19:48:32,51.916,SEARCH,0,,0,,
2026-03-17 19:48:32,51.953,SEARCH,0,,0,,
2026-03-17 19:48:32,51.980,SEARCH,0,,0,,
2026-03-17 19:48:32,52.017,SEARCH,0,,0,,
2026-03-17 19:48:32,52.047,SEARCH,0,,0,,
2026-03-17 19:48:32,52.080,SEARCH,0,,0,,
2026-03-17 19:48:32,52.110,SEARCH,0,,0,,
2026-03-17 19:48:32,52.128,SEARCH,0,,0,,
2026-03-17 19:48:32,52.160,SEARCH,0,,0,,
2026-03-17 19:48:32,52.191,SEARCH,0,,0,,
2026-03-17 19:48:32,52.223,SEARCH,0,,0,,
2026-03-17 19:48:32,52.288,SEARCH,0,,0,6.0000,
2026-03-17 19:48:32,52.318,SEARCH,0,,0,,
2026-03-17 19:48:32,52.350,SEARCH,0,,0,,
2026-03-17 19:48:32,52.383,SEARCH,0,,0,,
2026-03-17 19:48:32,52.413,SEARCH,0,,0,,
2026-03-17 19:48:32,52.450,SEARCH,0,,0,,
2026-03-17 19:48:32,52.480,SEARCH,0,,0,,
2026-03-17 19:48:32,52.511,SEARCH,0,,0,,
2026-03-17 19:48:32,52.544,SEARCH,0,,0,,
2026-03-17 19:48:32,52.574,SEARCH,0,,0,,
2026-03-17 19:48:32,52.610,SEARCH,0,,0,,
2026-03-17 19:48:32,52.639,SEARCH,0,,0,6.0000,
2026-03-17 19:48:32,52.670,SEARCH,0,,0,,
2026-03-17 19:48:32,52.702,SEARCH,0,,0,,
2026-03-17 19:48:32,52.750,SEARCH,0,,0,,
2026-03-17 19:48:33,52.780,SEARCH,0,,0,,
2026-03-17 19:48:33,52.814,SEARCH,0,,0,,
2026-03-17 19:48:33,52.847,SEARCH,0,,0,,
2026-03-17 19:48:33,52.880,SEARCH,0,,0,,
2026-03-17 19:48:33,52.909,SEARCH,0,,0,,
2026-03-17 19:48:33,52.943,SEARCH,0,,0,,
2026-03-17 19:48:33,52.974,SEARCH,0,,0,,
2026-03-17 19:48:33,53.007,SEARCH,0,,0,6.0000,
2026-03-17 19:48:33,53.039,SEARCH,0,,0,,
2026-03-17 19:48:33,53.072,SEARCH,0,,0,,
2026-03-17 19:48:33,53.103,SEARCH,0,,0,,
2026-03-17 19:48:33,53.137,SEARCH,0,,0,,
2026-03-17 19:48:33,53.166,SEARCH,0,,0,,
2026-03-17 19:48:33,53.198,SEARCH,0,,0,,
2026-03-17 19:48:33,53.232,SEARCH,0,,0,,
2026-03-17 19:48:33,53.264,SEARCH,0,,0,,
2026-03-17 19:48:33,53.311,SEARCH,0,,0,,
2026-03-17 19:48:33,53.346,SEARCH,0,,0,,
2026-03-17 19:48:33,53.375,SEARCH,0,,0,6.0000,
2026-03-17 19:48:33,53.409,SEARCH,0,,0,,
2026-03-17 19:48:33,53.440,SEARCH,0,,0,,
2026-03-17 19:48:33,53.472,SEARCH,0,,0,,
2026-03-17 19:48:33,53.504,SEARCH,0,,0,,
2026-03-17 19:48:33,53.537,SEARCH,0,,0,,
2026-03-17 19:48:33,53.571,SEARCH,0,,0,,
2026-03-17 19:48:33,53.603,SEARCH,0,,0,,
2026-03-17 19:48:33,53.633,SEARCH,0,,0,,
2026-03-17 19:48:33,53.663,SEARCH,0,,0,,
2026-03-17 19:48:33,53.698,SEARCH,0,,0,,
2026-03-17 19:48:33,53.729,SEARCH,0,,0,6.0000,
2026-03-17 19:48:33,53.759,SEARCH,0,,0,,
2026-03-17 19:48:34,53.790,SEARCH,0,,0,,
2026-03-17 19:48:34,53.823,SEARCH,0,,0,,
2026-03-17 19:48:34,53.856,SEARCH,0,,0,,
2026-03-17 19:48:34,53.903,SEARCH,0,,0,,
2026-03-17 19:48:34,53.936,SEARCH,0,,0,,
2026-03-17 19:48:34,53.968,SEARCH,0,,0,,
2026-03-17 19:48:34,54.000,SEARCH,0,,0,,
2026-03-17 19:48:34,54.032,SEARCH,0,,0,,
2026-03-17 19:48:34,54.065,SEARCH,0,,0,,
2026-03-17 19:48:34,54.097,SEARCH,0,,0,6.0000,
2026-03-17 19:48:34,54.130,SEARCH,0,,0,,
2026-03-17 19:48:34,54.157,SEARCH,0,,0,,
2026-03-17 19:48:34,54.190,SEARCH,0,,0,,
2026-03-17 19:48:34,54.223,SEARCH,0,,0,,
2026-03-17 19:48:34,54.289,SEARCH,0,,0,,
2026-03-17 19:48:34,54.320,SEARCH,0,,0,,
2026-03-17 19:48:34,54.353,SEARCH,0,,0,,
2026-03-17 19:48:34,54.384,SEARCH,0,,0,,
2026-03-17 19:48:34,54.415,SEARCH,0,,0,,
2026-03-17 19:48:34,54.424,SEARCH,0,,0,,
2026-03-17 19:48:34,54.465,SEARCH,0,,0,6.0000,
2026-03-17 19:48:34,54.494,SEARCH,0,,0,,
2026-03-17 19:48:34,54.528,SEARCH,0,,0,,
2026-03-17 19:48:34,54.559,SEARCH,0,,0,,
2026-03-17 19:48:34,54.592,SEARCH,0,,0,,
2026-03-17 19:48:34,54.622,SEARCH,0,,0,,
2026-03-17 19:48:34,54.686,SEARCH,0,,0,,
2026-03-17 19:48:34,54.717,SEARCH,0,,0,,
2026-03-17 19:48:34,54.748,SEARCH,0,,0,,
2026-03-17 19:48:35,54.782,SEARCH,0,,0,,
2026-03-17 19:48:35,54.814,SEARCH,0,,0,,
2026-03-17 19:48:35,54.846,SEARCH,0,,0,6.0000,
2026-03-17 19:48:35,54.881,SEARCH,0,,0,,
2026-03-17 19:48:35,54.909,SEARCH,0,,0,,
2026-03-17 19:48:35,54.942,SEARCH,0,,0,,
2026-03-17 19:48:35,54.976,SEARCH,0,,0,,
2026-03-17 19:48:35,54.987,SEARCH,0,,0,,
2026-03-17 19:48:35,55.006,SEARCH,0,,0,,
2026-03-17 19:48:35,55.088,SEARCH,0,,0,,
2026-03-17 19:48:35,55.120,SEARCH,0,,0,,
2026-03-17 19:48:35,55.152,SEARCH,0,,0,,
2026-03-17 19:48:35,55.183,SEARCH,0,,0,,
2026-03-17 19:48:35,55.213,SEARCH,0,,0,6.0000,
2026-03-17 19:48:35,55.246,SEARCH,0,,0,,
2026-03-17 19:48:35,55.280,SEARCH,0,,0,,
2026-03-17 19:48:35,55.315,SEARCH,0,,0,,
2026-03-17 19:48:35,55.342,SEARCH,0,,0,,
2026-03-17 19:48:35,55.376,SEARCH,0,,0,,
2026-03-17 19:48:35,55.406,SEARCH,0,,0,,
2026-03-17 19:48:35,55.439,SEARCH,0,,0,,
2026-03-17 19:48:35,55.472,SEARCH,0,,0,,
2026-03-17 19:48:35,55.503,SEARCH,0,,0,,
2026-03-17 19:48:35,55.537,SEARCH,0,,0,,
2026-03-17 19:48:35,55.567,SEARCH,0,,0,6.0000,
2026-03-17 19:48:35,55.615,SEARCH,0,,0,,
2026-03-17 19:48:35,55.646,SEARCH,0,,0,,
2026-03-17 19:48:35,55.679,SEARCH,0,,0,,
2026-03-17 19:48:35,55.709,SEARCH,0,,0,,
2026-03-17 19:48:35,55.741,SEARCH,0,,0,,
2026-03-17 19:48:36,55.773,SEARCH,0,,0,,
2026-03-17 19:48:36,55.806,SEARCH,0,,0,,
2026-03-17 19:48:36,55.840,SEARCH,0,,0,,
2026-03-17 19:48:36,55.872,SEARCH,0,,0,,
2026-03-17 19:48:36,55.900,SEARCH,0,,0,,
2026-03-17 19:48:36,55.934,SEARCH,0,,0,6.0000,
2026-03-17 19:48:36,55.968,SEARCH,0,,0,,
2026-03-17 19:48:36,55.998,SEARCH,0,,0,,
2026-03-17 19:48:36,56.032,SEARCH,0,,0,,
2026-03-17 19:48:36,56.063,SEARCH,0,,0,,
2026-03-17 19:48:36,56.095,SEARCH,0,,0,,
2026-03-17 19:48:36,56.128,SEARCH,0,,0,,
2026-03-17 19:48:36,56.158,SEARCH,0,,0,,
2026-03-17 19:48:36,56.208,SEARCH,0,,0,,
2026-03-17 19:48:36,56.240,SEARCH,0,,0,,
2026-03-17 19:48:36,56.271,SEARCH,0,,0,,
2026-03-17 19:48:36,56.304,SEARCH,0,,0,6.0000,
2026-03-17 19:48:36,56.336,SEARCH,0,,0,,
2026-03-17 19:48:36,56.368,SEARCH,0,,0,,
2026-03-17 19:48:36,56.398,SEARCH,0,,0,,
2026-03-17 19:48:36,56.432,SEARCH,0,,0,,
2026-03-17 19:48:36,56.465,SEARCH,0,,0,,
2026-03-17 19:48:36,56.495,SEARCH,0,,0,,
2026-03-17 19:48:36,56.528,SEARCH,0,,0,,
2026-03-17 19:48:36,56.561,SEARCH,0,,0,,
2026-03-17 19:48:36,56.589,SEARCH,0,,0,,
2026-03-17 19:48:36,56.625,SEARCH,0,,0,,
2026-03-17 19:48:36,56.653,SEARCH,0,,0,,
2026-03-17 19:48:36,56.719,SEARCH,0,,0,6.0000,
2026-03-17 19:48:36,56.730,SEARCH,0,,0,,
2026-03-17 19:48:37,56.768,SEARCH,0,,0,,
2026-03-17 19:48:37,56.798,SEARCH,0,,0,,
2026-03-17 19:48:37,56.833,SEARCH,0,,0,,
2026-03-17 19:48:37,56.864,SEARCH,0,,0,,
2026-03-17 19:48:37,56.894,SEARCH,0,,0,,
2026-03-17 19:48:37,56.927,SEARCH,0,,0,,
2026-03-17 19:48:37,56.958,SEARCH,0,,0,,
2026-03-17 19:48:37,56.991,SEARCH,1,-0.9719,1,,
2026-03-17 19:48:37,57.022,SEARCH,1,-0.9281,2,,
2026-03-17 19:48:37,57.086,SEARCH,1,-0.8031,3,6.0000,
2026-03-17 19:48:37,57.120,SEARCH,1,-0.7438,4,,
2026-03-17 19:48:37,57.150,CENTER,1,-0.6937,5,,STATE_CHANGE_SEARCH_TO_CENTER
2026-03-17 19:48:37,57.184,CENTER,1,-0.6469,5,-6.4688,
2026-03-17 19:48:37,57.213,CENTER,1,-0.6000,5,,
2026-03-17 19:48:37,57.247,CENTER,1,-0.5594,5,,
2026-03-17 19:48:37,57.283,CENTER,1,-0.5312,5,,
2026-03-17 19:48:37,57.313,CENTER,1,-0.5188,5,-5.1875,
2026-03-17 19:48:37,57.324,CENTER,1,-0.5188,5,,
2026-03-17 19:48:37,57.359,CENTER,1,-0.5156,5,,
2026-03-17 19:48:37,57.390,CENTER,1,-0.5156,5,,
2026-03-17 19:48:37,57.423,CENTER,1,-0.5125,5,,
2026-03-17 19:48:37,57.491,CENTER,1,-0.4844,5,-4.8438,
2026-03-17 19:48:37,57.520,CENTER,1,-0.4656,5,,
2026-03-17 19:48:37,57.552,CENTER,1,-0.4406,5,,
2026-03-17 19:48:37,57.583,CENTER,1,-0.4094,5,,
2026-03-17 19:48:37,57.617,CENTER,1,-0.3781,5,-3.7812,
2026-03-17 19:48:37,57.646,CENTER,1,-0.3438,5,,
2026-03-17 19:48:37,57.678,CENTER,1,-0.3031,5,,
2026-03-17 19:48:37,57.714,CENTER,1,-0.2594,5,,
2026-03-17 19:48:37,57.741,CENTER,1,-0.2094,5,,
2026-03-17 19:48:38,57.775,CENTER,1,-0.1562,5,-1.5625,
2026-03-17 19:48:38,57.807,CENTER,1,-0.1031,5,,
2026-03-17 19:48:38,57.838,CENTER,1,-0.0563,5,,CENTERING_WINDOW_STARTED
2026-03-17 19:48:38,57.872,CENTER,1,-0.0125,5,,
2026-03-17 19:48:38,57.902,CENTER,1,0.0312,5,0.3125,
2026-03-17 19:48:38,57.952,CENTER,1,0.0844,5,,
2026-03-17 19:48:38,57.984,CENTER,1,0.1437,5,,
2026-03-17 19:48:38,58.013,CENTER,1,0.1969,5,,
2026-03-17 19:48:38,58.048,CENTER,1,0.2437,5,2.4375,
2026-03-17 19:48:38,58.078,CENTER,1,0.3125,5,,
2026-03-17 19:48:38,58.110,CENTER,1,0.3625,5,,
2026-03-17 19:48:38,58.142,CENTER,1,0.4156,5,,
2026-03-17 19:48:38,58.176,CENTER,1,0.4906,5,4.9062,
2026-03-17 19:48:38,58.208,CENTER,1,0.5375,5,,
2026-03-17 19:48:38,58.238,CENTER,1,0.5844,5,,
2026-03-17 19:48:38,58.270,CENTER,1,0.6344,5,,
2026-03-17 19:48:38,58.303,CENTER,1,0.6781,5,6.7812,
2026-03-17 19:48:38,58.332,CENTER,1,0.7188,5,,
2026-03-17 19:48:38,58.364,CENTER,1,0.7562,5,,
2026-03-17 19:48:38,58.396,CENTER,1,0.7969,5,,
2026-03-17 19:48:38,58.430,CENTER,1,0.8281,5,8.0000,
2026-03-17 19:48:38,58.464,CENTER,1,0.8562,5,,
2026-03-17 19:48:38,58.510,CENTER,1,0.8719,5,,
2026-03-17 19:48:38,58.542,CENTER,1,0.8781,5,,
2026-03-17 19:48:38,58.577,CENTER,1,0.8781,5,8.0000,
2026-03-17 19:48:38,58.606,CENTER,1,0.8688,5,,
2026-03-17 19:48:38,58.638,CENTER,1,0.8500,5,,
2026-03-17 19:48:38,58.670,CENTER,1,0.8250,5,,
2026-03-17 19:48:38,58.703,CENTER,1,0.8000,5,8.0000,
2026-03-17 19:48:38,58.734,CENTER,1,0.7656,5,,
2026-03-17 19:48:39,58.768,CENTER,1,0.7344,5,,
2026-03-17 19:48:39,58.802,CENTER,1,0.6969,5,,
2026-03-17 19:48:39,58.832,CENTER,1,0.6531,5,6.5312,
2026-03-17 19:48:39,58.866,CENTER,1,0.6125,5,,
2026-03-17 19:48:39,58.894,CENTER,1,0.5687,5,,
2026-03-17 19:48:39,58.928,CENTER,1,0.5250,5,,
2026-03-17 19:48:39,58.959,CENTER,1,0.4844,5,4.8438,
2026-03-17 19:48:39,58.991,CENTER,1,0.4406,5,,
2026-03-17 19:48:39,59.030,CENTER,1,0.3937,5,,
2026-03-17 19:48:39,59.054,CENTER,1,0.3500,5,,
2026-03-17 19:48:39,59.103,CENTER,1,0.3094,5,3.0938,
2026-03-17 19:48:39,59.133,SEARCH,0,,0,,STATE_CHANGE_CENTER_TO_SEARCH
2026-03-17 19:48:39,59.166,SEARCH,1,0.2062,1,6.0000,
2026-03-17 19:48:39,59.198,SEARCH,1,0.1656,2,,
2026-03-17 19:48:39,59.232,SEARCH,1,0.1187,3,,
2026-03-17 19:48:39,59.263,SEARCH,1,0.0656,4,,
2026-03-17 19:48:39,59.294,CENTER,1,0.0156,5,,STATE_CHANGE_SEARCH_TO_CENTER
2026-03-17 19:48:39,59.328,CENTER,1,-0.0344,5,-0.3438,CENTERING_WINDOW_STARTED
2026-03-17 19:48:39,59.359,CENTER,1,-0.0813,5,,
2026-03-17 19:48:39,59.388,CENTER,1,-0.1406,5,,
2026-03-17 19:48:39,59.422,CENTER,1,-0.1938,5,,
2026-03-17 19:48:39,59.489,CENTER,1,-0.2969,5,-2.9688,
2026-03-17 19:48:39,59.519,CENTER,1,-0.3375,5,,
2026-03-17 19:48:39,59.550,CENTER,1,-0.3844,5,,
2026-03-17 19:48:39,59.582,CENTER,1,-0.4219,5,,
2026-03-17 19:48:39,59.614,CENTER,1,-0.4594,5,-4.5938,
2026-03-17 19:48:39,59.622,CENTER,1,-0.4594,5,,
2026-03-17 19:48:39,59.663,CENTER,1,-0.4813,5,,
2026-03-17 19:48:39,59.696,CENTER,1,-0.4906,5,,
2026-03-17 19:48:39,59.725,CENTER,1,-0.4906,5,,
2026-03-17 19:48:39,59.757,CENTER,1,-0.4813,5,-4.8125,
2026-03-17 19:48:40,59.790,CENTER,1,-0.4688,5,,
2026-03-17 19:48:40,59.822,CENTER,1,-0.4531,5,,
2026-03-17 19:48:40,59.885,CENTER,1,-0.4313,5,-4.3125,
2026-03-17 19:48:40,59.920,CENTER,1,-0.4281,5,,
2026-03-17 19:48:40,59.950,CENTER,1,-0.4375,5,,
2026-03-17 19:48:40,59.983,CENTER,1,-0.4500,5,,
2026-03-17 19:48:40,60.014,CENTER,1,-0.4656,5,-4.6562,
2026-03-17 19:48:40,60.046,CENTER,1,-0.4781,5,,
2026-03-17 19:48:40,60.079,CENTER,1,-0.4781,5,,
2026-03-17 19:48:40,60.110,CENTER,1,-0.4688,5,,
2026-03-17 19:48:40,60.142,CENTER,1,-0.4406,5,-4.4062,
2026-03-17 19:48:40,60.176,CENTER,1,-0.4031,5,,
2026-03-17 19:48:40,60.194,CENTER,1,-0.4031,5,,
2026-03-17 19:48:40,60.210,CENTER,1,-0.3563,5,,
2026-03-17 19:48:40,60.286,CENTER,1,-0.2437,5,-2.4375,
2026-03-17 19:48:40,60.318,CENTER,1,-0.1812,5,,
2026-03-17 19:48:40,60.352,CENTER,1,-0.1125,5,,
2026-03-17 19:48:40,60.380,CENTER,1,-0.0531,5,,CENTERING_WINDOW_STARTED
2026-03-17 19:48:40,60.414,CENTER,1,0.0031,5,0.0312,
2026-03-17 19:48:40,60.446,CENTER,1,0.0563,5,,
2026-03-17 19:48:40,60.478,CENTER,1,0.1187,5,,
2026-03-17 19:48:40,60.510,CENTER,1,0.1688,5,,
2026-03-17 19:48:40,60.543,CENTER,1,0.2125,5,2.1250,
2026-03-17 19:48:40,60.574,CENTER,1,0.2562,5,,
2026-03-17 19:48:40,60.605,CENTER,1,0.3000,5,,
2026-03-17 19:48:40,60.638,CENTER,1,0.3469,5,,
2026-03-17 19:48:40,60.670,CENTER,1,0.3906,5,3.9062,
2026-03-17 19:48:40,60.704,CENTER,1,0.4250,5,,
2026-03-17 19:48:40,60.736,CENTER,1,0.4719,5,,
2026-03-17 19:48:41,60.768,CENTER,1,0.5062,5,,
2026-03-17 19:48:41,60.815,CENTER,1,0.5406,5,5.4062,
2026-03-17 19:48:41,60.848,CENTER,1,0.5750,5,,
2026-03-17 19:48:41,60.877,CENTER,1,0.6094,5,,
2026-03-17 19:48:41,60.910,CENTER,1,0.6375,5,,
2026-03-17 19:48:41,60.944,CENTER,1,0.6562,5,6.5625,
2026-03-17 19:48:41,60.976,CENTER,1,0.6687,5,,
2026-03-17 19:48:41,61.004,CENTER,1,0.6750,5,,
2026-03-17 19:48:41,61.038,CENTER,1,0.6750,5,,
2026-03-17 19:48:41,61.071,CENTER,1,0.6687,5,6.6875,
2026-03-17 19:48:41,61.104,CENTER,1,0.6594,5,,
2026-03-17 19:48:41,61.134,CENTER,1,0.6406,5,,
2026-03-17 19:48:41,61.168,CENTER,1,0.6312,5,,
2026-03-17 19:48:41,61.199,CENTER,1,0.6000,5,6.0000,
2026-03-17 19:48:41,61.231,CENTER,1,0.5687,5,,
2026-03-17 19:48:41,61.264,CENTER,1,0.5406,5,,
2026-03-17 19:48:41,61.297,CENTER,1,0.5188,5,,
2026-03-17 19:48:41,61.328,CENTER,1,0.4875,5,4.8750,
2026-03-17 19:48:41,61.359,CENTER,1,0.4562,5,,
2026-03-17 19:48:41,61.406,CENTER,1,0.4250,5,,
2026-03-17 19:48:41,61.444,CENTER,1,0.3969,5,,
2026-03-17 19:48:41,61.473,CENTER,1,0.3688,5,3.6875,
2026-03-17 19:48:41,61.504,CENTER,1,0.3344,5,,
2026-03-17 19:48:41,61.535,CENTER,1,0.2906,5,,
2026-03-17 19:48:41,61.568,CENTER,1,0.2500,5,,
2026-03-17 19:48:41,61.598,CENTER,1,0.2125,5,2.1250,
2026-03-17 19:48:41,61.631,CENTER,1,0.1656,5,,
2026-03-17 19:48:41,61.663,CENTER,1,0.1187,5,,
2026-03-17 19:48:41,61.697,CENTER,1,0.0594,5,,CENTERING_WINDOW_STARTED
2026-03-17 19:48:41,61.726,CENTER,1,0.0063,5,0.0625,
2026-03-17 19:48:41,61.760,CENTER,1,-0.0437,5,,
2026-03-17 19:48:42,61.793,CENTER,1,-0.0906,5,,
2026-03-17 19:48:42,61.823,CENTER,1,-0.1437,5,,
2026-03-17 19:48:42,61.889,CENTER,1,-0.2406,5,-2.4062,
2026-03-17 19:48:42,61.921,CENTER,1,-0.2812,5,,
2026-03-17 19:48:42,61.940,CENTER,1,-0.2812,5,,
2026-03-17 19:48:42,61.969,CENTER,1,-0.3156,5,,
2026-03-17 19:48:42,61.998,CENTER,1,-0.3406,5,,
2026-03-17 19:48:42,62.030,CENTER,1,-0.3500,5,-3.5000,
2026-03-17 19:48:42,62.062,CENTER,1,-0.3500,5,,
2026-03-17 19:48:42,62.093,CENTER,1,-0.3500,5,,
2026-03-17 19:48:42,62.129,CENTER,1,-0.3469,5,,
2026-03-17 19:48:42,62.163,CENTER,1,-0.3438,5,-3.4375,
2026-03-17 19:48:42,62.191,CENTER,1,-0.3375,5,,
2026-03-17 19:48:42,62.222,CENTER,1,-0.3375,5,,
2026-03-17 19:48:42,62.288,CENTER,1,-0.3344,5,,
2026-03-17 19:48:42,62.321,CENTER,1,-0.3281,5,-3.2812,
2026-03-17 19:48:42,62.351,CENTER,1,-0.3125,5,,
2026-03-17 19:48:42,62.383,CENTER,1,-0.2969,5,,
2026-03-17 19:48:42,62.415,CENTER,1,-0.2719,5,,
2026-03-17 19:48:42,62.448,CENTER,1,-0.2437,5,-2.4375,
2026-03-17 19:48:42,62.478,CENTER,1,-0.2125,5,,
2026-03-17 19:48:42,62.486,CENTER,1,-0.2125,5,,
2026-03-17 19:48:42,62.513,CENTER,1,-0.1844,5,,
2026-03-17 19:48:42,62.558,CENTER,1,-0.1469,5,,
2026-03-17 19:48:42,62.591,CENTER,1,-0.1062,5,-1.0625,
2026-03-17 19:48:42,62.622,CENTER,1,-0.0625,5,,CENTERING_WINDOW_STARTED
2026-03-17 19:48:42,62.690,CENTER,1,0.0437,5,,
2026-03-17 19:48:42,62.720,CENTER,1,0.0844,5,0.8438,
2026-03-17 19:48:42,62.755,CENTER,1,0.1281,5,,
2026-03-17 19:48:43,62.782,CENTER,1,0.1562,5,,
2026-03-17 19:48:43,62.814,CENTER,1,0.1781,5,,
2026-03-17 19:48:43,62.848,CENTER,1,0.1938,5,1.9375,
2026-03-17 19:48:43,62.879,CENTER,1,0.2094,5,,
2026-03-17 19:48:43,62.912,CENTER,1,0.2188,5,,
2026-03-17 19:48:43,62.947,CENTER,1,0.2375,5,,
2026-03-17 19:48:43,62.979,CENTER,1,0.2562,5,2.5625,
2026-03-17 19:48:43,63.006,CENTER,1,0.2812,5,,
2026-03-17 19:48:43,63.040,CENTER,1,0.3063,5,,
2026-03-17 19:48:43,63.074,CENTER,1,0.3281,5,,
2026-03-17 19:48:43,63.118,CENTER,1,0.3438,5,3.4375,
2026-03-17 19:48:43,63.152,CENTER,1,0.3563,5,,
2026-03-17 19:48:43,63.184,CENTER,1,0.3594,5,,
2026-03-17 19:48:43,63.212,CENTER,1,0.3594,5,,
2026-03-17 19:48:43,63.248,CENTER,1,0.3625,5,3.6250,
2026-03-17 19:48:43,63.280,CENTER,1,0.3594,5,,
2026-03-17 19:48:43,63.310,CENTER,1,0.3594,5,,
2026-03-17 19:48:43,63.345,CENTER,1,0.3594,5,,
2026-03-17 19:48:43,63.376,CENTER,1,0.3625,5,3.6250,
2026-03-17 19:48:43,63.411,CENTER,1,0.3594,5,,
2026-03-17 19:48:43,63.443,CENTER,1,0.3594,5,,
2026-03-17 19:48:43,63.472,CENTER,1,0.3594,5,,
2026-03-17 19:48:43,63.505,CENTER,1,0.3563,5,3.5625,
2026-03-17 19:48:43,63.535,CENTER,1,0.3500,5,,
2026-03-17 19:48:43,63.568,CENTER,1,0.3375,5,,
2026-03-17 19:48:43,63.600,CENTER,1,0.3250,5,,
2026-03-17 19:48:43,63.629,CENTER,1,0.3125,5,,
2026-03-17 19:48:43,63.663,CENTER,1,0.3063,5,3.0625,
2026-03-17 19:48:43,63.712,CENTER,1,0.3063,5,,
2026-03-17 19:48:43,63.744,CENTER,1,0.3156,5,,
2026-03-17 19:48:44,63.774,CENTER,1,0.3438,5,,
2026-03-17 19:48:44,63.808,CENTER,1,0.3844,5,3.8438,
2026-03-17 19:48:44,63.837,CENTER,1,0.4188,5,,
2026-03-17 19:48:44,63.870,CENTER,1,0.4531,5,,
2026-03-17 19:48:44,63.901,CENTER,1,0.4813,5,,
2026-03-17 19:48:44,63.936,CENTER,1,0.5094,5,5.0938,
2026-03-17 19:48:44,63.966,CENTER,1,0.5344,5,,
2026-03-17 19:48:44,63.999,CENTER,1,0.5594,5,,
2026-03-17 19:48:44,64.030,CENTER,1,0.5813,5,,
2026-03-17 19:48:44,64.063,CENTER,1,0.6000,5,6.0000,
2026-03-17 19:48:44,64.097,CENTER,1,0.6062,5,,
2026-03-17 19:48:44,64.127,CENTER,1,0.6062,5,,
2026-03-17 19:48:44,64.161,CENTER,1,0.5969,5,,
2026-03-17 19:48:44,64.193,CENTER,1,0.5781,5,5.7812,
2026-03-17 19:48:44,64.221,CENTER,1,0.5469,5,,
2026-03-17 19:48:44,64.270,CENTER,1,0.5188,5,,
2026-03-17 19:48:44,64.303,CENTER,1,0.4813,5,,
2026-03-17 19:48:44,64.335,CENTER,1,0.4437,5,4.4375,
2026-03-17 19:48:44,64.366,CENTER,1,0.4094,5,,
2026-03-17 19:48:44,64.398,CENTER,1,0.3594,5,,
2026-03-17 19:48:44,64.430,SEARCH,0,,0,,STATE_CHANGE_CENTER_TO_SEARCH
2026-03-17 19:48:44,64.461,SEARCH,0,,0,6.0000,
2026-03-17 19:48:44,64.496,SEARCH,0,,0,,
2026-03-17 19:48:44,64.529,SEARCH,1,0.1812,1,,
2026-03-17 19:48:44,64.561,SEARCH,1,0.1406,2,,
2026-03-17 19:48:44,64.591,SEARCH,1,0.1000,3,,
2026-03-17 19:48:44,64.622,SEARCH,1,0.0594,4,,
2026-03-17 19:48:44,64.688,CENTER,1,-0.0125,5,,STATE_CHANGE_SEARCH_TO_CENTER
2026-03-17 19:48:44,64.719,CENTER,1,-0.0500,5,-0.5000,CENTERING_WINDOW_STARTED
2026-03-17 19:48:44,64.750,CENTER,1,-0.0906,5,,
2026-03-17 19:48:45,64.783,CENTER,1,-0.1250,5,,
2026-03-17 19:48:45,64.815,CENTER,1,-0.1562,5,,
2026-03-17 19:48:45,64.825,CENTER,1,-0.1562,5,,
2026-03-17 19:48:45,64.862,CENTER,1,-0.1875,5,-1.8750,
2026-03-17 19:48:45,64.894,CENTER,1,-0.2156,5,,
2026-03-17 19:48:45,64.926,CENTER,1,-0.2344,5,,
2026-03-17 19:48:45,64.959,CENTER,1,-0.2469,5,,
2026-03-17 19:48:45,64.992,CENTER,1,-0.2562,5,-2.5625,
2026-03-17 19:48:45,65.023,CENTER,1,-0.2562,5,,
2026-03-17 19:48:45,65.086,CENTER,1,-0.2469,5,,
2026-03-17 19:48:45,65.120,CENTER,1,-0.2375,5,-2.3750,
2026-03-17 19:48:45,65.152,CENTER,1,-0.2219,5,,
2026-03-17 19:48:45,65.185,CENTER,1,-0.2062,5,,
2026-03-17 19:48:45,65.213,CENTER,1,-0.1938,5,,
2026-03-17 19:48:45,65.247,CENTER,1,-0.1750,5,-1.7500,
2026-03-17 19:48:45,65.278,CENTER,1,-0.1625,5,,
2026-03-17 19:48:45,65.311,CENTER,1,-0.1469,5,,
2026-03-17 19:48:45,65.340,CENTER,1,-0.1344,5,,
2026-03-17 19:48:45,65.375,CENTER,1,-0.1219,5,-1.2188,
2026-03-17 19:48:45,65.384,CENTER,1,-0.1219,5,,
2026-03-17 19:48:45,65.407,CENTER,1,-0.1125,5,,
2026-03-17 19:48:45,65.486,CENTER,1,-0.0875,5,,CENTERING_WINDOW_STARTED
2026-03-17 19:48:45,65.519,CENTER,1,-0.0750,5,-0.7500,
2026-03-17 19:48:45,65.552,CENTER,1,-0.0594,5,,
2026-03-17 19:48:45,65.583,CENTER,1,-0.0437,5,,
2026-03-17 19:48:45,65.616,CENTER,1,-0.0312,5,,
2026-03-17 19:48:45,65.646,CENTER,1,-0.0156,5,-0.1562,
2026-03-17 19:48:45,65.679,CENTER,1,-0.0094,5,,
2026-03-17 19:48:45,65.710,CENTER,1,-0.0031,5,,
2026-03-17 19:48:45,65.744,CENTER,1,0.0000,5,,
2026-03-17 19:48:46,65.776,CENTER,1,0.0031,5,0.0312,
2026-03-17 19:48:46,65.808,CENTER,1,0.0094,5,,
2026-03-17 19:48:46,65.837,CENTER,1,0.0187,5,,
2026-03-17 19:48:46,65.871,CENTER,1,0.0250,5,,
2026-03-17 19:48:46,65.904,CENTER,1,0.0281,5,0.2812,
2026-03-17 19:48:46,65.935,CENTER,1,0.0344,5,,
2026-03-17 19:48:46,65.968,CENTER,1,0.0375,5,,
2026-03-17 19:48:46,66.014,CENTER,1,0.0437,5,,
2026-03-17 19:48:46,66.049,CENTER,1,0.0500,5,0.5000,
2026-03-17 19:48:46,66.078,CENTER,1,0.0563,5,,
2026-03-17 19:48:46,66.110,CENTER,1,0.0625,5,,
2026-03-17 19:48:46,66.145,CENTER,1,0.0656,5,,
2026-03-17 19:48:46,66.174,CENTER,1,0.0688,5,0.6875,
2026-03-17 19:48:46,66.206,CENTER,1,0.0688,5,,
2026-03-17 19:48:46,66.238,CENTER,1,0.0688,5,,
2026-03-17 19:48:46,66.275,CENTER,1,0.0656,5,,
2026-03-17 19:48:46,66.304,CENTER,1,0.0656,5,0.6562,
2026-03-17 19:48:46,66.336,CENTER,1,0.0594,5,,
2026-03-17 19:48:46,66.367,CENTER,1,0.0531,5,,
2026-03-17 19:48:46,66.402,CENTER,1,0.0469,5,,
2026-03-17 19:48:46,66.430,CENTER,1,0.0406,5,,
2026-03-17 19:48:46,66.462,CENTER,1,0.0344,5,0.3438,
2026-03-17 19:48:46,66.496,HANDOFF,1,0.0250,5,,STATE_CHANGE_CENTER_TO_HANDOFF
2026-03-17 19:48:46,66.529,HANDOFF,1,0.0219,5,,
2026-03-17 19:48:46,66.561,HANDOFF,1,0.0187,5,,
2026-03-17 19:48:46,66.609,HANDOFF,1,0.0156,5,,
2026-03-17 19:48:46,66.638,HANDOFF,1,0.0156,5,,
2026-03-17 19:48:46,66.670,HANDOFF,1,0.0125,5,,
2026-03-17 19:48:46,66.706,HANDOFF,1,0.0094,5,,
2026-03-17 19:48:46,66.734,HANDOFF,1,0.0031,5,,
2026-03-17 19:48:47,66.766,HANDOFF,1,-0.0031,5,,
2026-03-17 19:48:47,66.802,HANDOFF,1,-0.0125,5,,
2026-03-17 19:48:47,66.827,HANDOFF,1,-0.0219,5,,
2026-03-17 19:48:47,66.862,HANDOFF,1,-0.0312,5,,
2026-03-17 19:48:47,66.894,HANDOFF,1,-0.0375,5,,
2026-03-17 19:48:47,66.930,HANDOFF,1,-0.0437,5,,
2026-03-17 19:48:47,66.961,HANDOFF,1,-0.0500,5,,
2026-03-17 19:48:47,66.994,HANDOFF,1,-0.0531,5,,
2026-03-17 19:48:47,67.024,HANDOFF,1,-0.0563,5,,
2026-03-17 19:48:47,67.086,HANDOFF,1,-0.0563,5,,
2026-03-17 19:48:47,67.124,HANDOFF,1,-0.0563,5,,
2026-03-17 19:48:47,67.130,HANDOFF,1,-0.0563,5,,
2026-03-17 19:48:47,67.166,HANDOFF,1,-0.0563,5,,
2026-03-17 19:48:47,67.200,HANDOFF,1,-0.0531,5,,
2026-03-17 19:48:47,67.229,HANDOFF,1,-0.0531,5,,
2026-03-17 19:48:47,67.263,HANDOFF,1,-0.0500,5,,
2026-03-17 19:48:47,67.296,HANDOFF,1,-0.0500,5,,
2026-03-17 19:48:47,67.326,HANDOFF,1,-0.0469,5,,
2026-03-17 19:48:47,67.359,HANDOFF,1,-0.0437,5,,
2026-03-17 19:48:47,67.389,HANDOFF,1,-0.0437,5,,
2026-03-17 19:48:47,67.420,HANDOFF,1,-0.0406,5,,
2026-03-17 19:48:47,67.486,HANDOFF,1,-0.0375,5,,
2026-03-17 19:48:47,67.521,HANDOFF,1,-0.0375,5,,
2026-03-17 19:48:47,67.551,HANDOFF,1,-0.0375,5,,
2026-03-17 19:48:47,67.581,HANDOFF,1,-0.0375,5,,
2026-03-17 19:48:47,67.614,HANDOFF,1,-0.0406,5,,
2026-03-17 19:48:47,67.646,HANDOFF,1,-0.0406,5,,
2026-03-17 19:48:47,67.679,HANDOFF,1,-0.0406,5,,
2026-03-17 19:48:47,67.685,HANDOFF,1,-0.0406,5,,
2026-03-17 19:48:47,67.712,HANDOFF,1,-0.0406,5,,
2026-03-17 19:48:47,67.758,HANDOFF,1,-0.0406,5,,
2026-03-17 19:48:48,67.790,HANDOFF,1,-0.0406,5,,
2026-03-17 19:48:48,67.823,HANDOFF,1,-0.0406,5,,
2026-03-17 19:48:48,67.886,HANDOFF,1,-0.0437,5,,
2026-03-17 19:48:48,67.919,HANDOFF,1,-0.0437,5,,
2026-03-17 19:48:48,67.950,HANDOFF,1,-0.0437,5,,
2026-03-17 19:48:48,67.984,HANDOFF,1,-0.0500,5,,
2026-03-17 19:48:48,68.018,HANDOFF,1,-0.0469,5,,
2026-03-17 19:48:48,68.046,HANDOFF,1,-0.0156,5,,
2026-03-17 19:48:48,68.077,HANDOFF,1,0.0281,5,,
2026-03-17 19:48:48,68.110,HANDOFF,0,,5,,
2026-03-17 19:48:48,68.143,HANDOFF,0,,5,,
2026-03-17 19:48:48,68.177,HANDOFF,0,,5,,
2026-03-17 19:48:48,68.206,HANDOFF,0,,5,,
2026-03-17 19:48:48,68.237,HANDOFF,0,,5,,
2026-03-17 19:48:48,68.272,HANDOFF,0,,5,,
2026-03-17 19:48:48,68.319,HANDOFF,0,,5,,
2026-03-17 19:48:48,68.351,HANDOFF,0,,5,,
2026-03-17 19:48:48,68.382,HANDOFF,0,,5,,
2026-03-17 19:48:48,68.415,HANDOFF,0,,5,,
2026-03-17 19:48:48,68.449,HANDOFF,0,,5,,
2026-03-17 19:48:48,68.480,HANDOFF,0,,5,,
2026-03-17 19:48:48,68.512,HANDOFF,0,,5,,
2026-03-17 19:48:48,68.541,HANDOFF,0,,5,,
2026-03-17 19:48:48,68.573,HANDOFF,0,,5,,
2026-03-17 19:48:48,68.605,HANDOFF,0,,5,,
2026-03-17 19:48:48,68.637,HANDOFF,0,,5,,
2026-03-17 19:48:48,68.671,HANDOFF,0,,5,,
2026-03-17 19:48:48,68.703,HANDOFF,0,,5,,
2026-03-17 19:48:48,68.732,HANDOFF,0,,5,,
2026-03-17 19:48:48,68.764,HANDOFF,0,,5,,
2026-03-17 19:48:49,68.798,HANDOFF,0,,5,,
2026-03-17 19:48:49,68.829,HANDOFF,0,,5,,
2026-03-17 19:48:49,68.861,HANDOFF,0,,5,,
2026-03-17 19:48:49,68.909,HANDOFF,0,,5,,
2026-03-17 19:48:49,68.944,HANDOFF,0,,5,,
2026-03-17 19:48:49,68.974,HANDOFF,0,,5,,
2026-03-17 19:48:49,69.006,HANDOFF,0,,5,,
2026-03-17 19:48:49,69.038,HANDOFF,0,,5,,
2026-03-17 19:48:49,69.068,HANDOFF,0,,5,,
2026-03-17 19:48:49,69.101,HANDOFF,0,,5,,
2026-03-17 19:48:49,69.135,HANDOFF,0,,5,,
2026-03-17 19:48:49,69.167,HANDOFF,0,,5,,
2026-03-17 19:48:49,69.197,HANDOFF,0,,5,,
2026-03-17 19:48:49,69.228,HANDOFF,0,,5,,
2026-03-17 19:48:49,69.263,HANDOFF,0,,5,,
2026-03-17 19:48:49,69.293,HANDOFF,0,,5,,
2026-03-17 19:48:49,69.327,HANDOFF,0,,5,,
2026-03-17 19:48:49,69.358,HANDOFF,0,,5,,
2026-03-17 19:48:49,69.390,HANDOFF,0,,5,,
2026-03-17 19:48:49,69.423,HANDOFF,0,,5,,
2026-03-17 19:48:49,69.472,HANDOFF,0,,5,,
2026-03-17 19:48:49,69.504,HANDOFF,0,,5,,
2026-03-17 19:48:49,69.536,HANDOFF,0,,5,,
2026-03-17 19:48:49,69.568,HANDOFF,0,,5,,
2026-03-17 19:48:49,69.599,HANDOFF,0,,5,,
2026-03-17 19:48:49,69.629,HANDOFF,0,,5,,
2026-03-17 19:48:49,69.662,HANDOFF,0,,5,,
2026-03-17 19:48:49,69.694,HANDOFF,0,,5,,
2026-03-17 19:48:49,69.726,HANDOFF,0,,5,,
2026-03-17 19:48:49,69.760,HANDOFF,0,,5,,
2026-03-17 19:48:50,69.790,HANDOFF,0,,5,,
2026-03-17 19:48:50,69.820,HANDOFF,0,,5,,
2026-03-17 19:48:50,69.887,HANDOFF,0,,5,,
2026-03-17 19:48:50,69.918,HANDOFF,0,,5,,
2026-03-17 19:48:50,69.952,HANDOFF,0,,5,,
2026-03-17 19:48:50,69.984,HANDOFF,0,,5,,
2026-03-17 19:48:50,69.989,HANDOFF,0,,5,,
2026-03-17 19:48:50,70.013,HANDOFF,0,,5,,
2026-03-17 19:48:50,70.061,HANDOFF,0,,5,,
2026-03-17 19:48:50,70.094,HANDOFF,0,,5,,
2026-03-17 19:48:50,70.125,HANDOFF,0,,5,,
2026-03-17 19:48:50,70.158,HANDOFF,0,,5,,
2026-03-17 19:48:50,70.190,HANDOFF,0,,5,,
2026-03-17 19:48:50,70.224,HANDOFF,0,,5,,
2026-03-17 19:48:50,70.289,HANDOFF,0,,5,,
2026-03-17 19:48:50,70.318,HANDOFF,0,,5,,
2026-03-17 19:48:50,70.350,HANDOFF,0,,5,,
2026-03-17 19:48:50,70.383,HANDOFF,0,,5,,
2026-03-17 19:48:50,70.415,HANDOFF,0,,5,,
2026-03-17 19:48:50,70.452,HANDOFF,0,,5,,
2026-03-17 19:48:50,70.480,HANDOFF,0,,5,,
2026-03-17 19:48:50,70.512,HANDOFF,0,,5,,
2026-03-17 19:48:50,70.543,HANDOFF,0,,5,,
2026-03-17 19:48:50,70.574,HANDOFF,0,,5,,
2026-03-17 19:48:50,70.582,HANDOFF,0,,5,,
2026-03-17 19:48:50,70.621,HANDOFF,0,,5,,
2026-03-17 19:48:50,70.684,HANDOFF,0,,5,,
2026-03-17 19:48:50,70.716,HANDOFF,0,,5,,
2026-03-17 19:48:50,70.752,HANDOFF,0,,5,,
2026-03-17 19:48:51,70.782,HANDOFF,0,,5,,
2026-03-17 19:48:51,70.815,HANDOFF,0,,5,,
2026-03-17 19:48:51,70.847,HANDOFF,0,,5,,
2026-03-17 19:48:51,70.880,HANDOFF,0,,5,,
2026-03-17 19:48:51,70.909,HANDOFF,0,,5,,
2026-03-17 19:48:51,70.944,HANDOFF,0,,5,,
2026-03-17 19:48:51,70.977,HANDOFF,0,,5,,
2026-03-17 19:48:51,71.007,HANDOFF,0,,5,,
2026-03-17 19:48:51,71.039,HANDOFF,0,,5,,
2026-03-17 19:48:51,71.070,HANDOFF,0,,5,,
2026-03-17 19:48:51,71.102,HANDOFF,0,,5,,
2026-03-17 19:48:51,71.134,HANDOFF,0,,5,,
2026-03-17 19:48:51,71.168,HANDOFF,0,,5,,
2026-03-17 19:48:51,71.216,HANDOFF,0,,5,,
2026-03-17 19:48:51,71.246,HANDOFF,0,,5,,
2026-03-17 19:48:51,71.278,HANDOFF,0,,5,,
2026-03-17 19:48:51,71.311,HANDOFF,0,,5,,
2026-03-17 19:48:51,71.341,HANDOFF,0,,5,,
2026-03-17 19:48:51,71.376,HANDOFF,0,,5,,
2026-03-17 19:48:51,71.410,HANDOFF,0,,5,,
2026-03-17 19:48:51,71.440,HANDOFF,0,,5,,
2026-03-17 19:48:51,71.470,HANDOFF,0,,5,,
2026-03-17 19:48:51,71.502,HANDOFF,0,,5,,
2026-03-17 19:48:51,71.536,HANDOFF,0,,5,,
2026-03-17 19:48:51,71.568,HANDOFF,0,,5,,
2026-03-17 19:48:51,71.599,HANDOFF,0,,5,,
2026-03-17 19:48:51,71.633,HANDOFF,0,,5,,
2026-03-17 19:48:51,71.662,HANDOFF,0,,5,,
2026-03-17 19:48:51,71.697,HANDOFF,0,,5,,
2026-03-17 19:48:51,71.728,HANDOFF,0,,5,,
2026-03-17 19:48:51,71.761,HANDOFF,0,,5,,
2026-03-17 19:48:52,71.809,HANDOFF,0,,5,,
2026-03-17 19:48:52,71.843,HANDOFF,0,,5,,
2026-03-17 19:48:52,71.869,HANDOFF,0,,5,,
2026-03-17 19:48:52,71.905,HANDOFF,0,,5,,
2026-03-17 19:48:52,71.937,HANDOFF,0,,5,,
2026-03-17 19:48:52,71.967,HANDOFF,0,,5,,
2026-03-17 19:48:52,72.000,HANDOFF,0,,5,,
2026-03-17 19:48:52,72.032,HANDOFF,0,,5,,
2026-03-17 19:48:52,72.064,HANDOFF,0,,5,,
2026-03-17 19:48:52,72.092,HANDOFF,0,,5,,
2026-03-17 19:48:52,72.126,HANDOFF,0,,5,,
2026-03-17 19:48:52,72.158,HANDOFF,0,,5,,
2026-03-17 19:48:52,72.192,HANDOFF,0,,5,,
2026-03-17 19:48:52,72.223,HANDOFF,0,,5,,
2026-03-17 19:48:52,72.286,HANDOFF,0,,5,,
2026-03-17 19:48:52,72.318,HANDOFF,0,,5,,
2026-03-17 19:48:52,72.331,HANDOFF,0,,5,,
2026-03-17 19:48:52,72.365,HANDOFF,0,,5,,
2026-03-17 19:48:52,72.398,HANDOFF,0,,5,,
2026-03-17 19:48:52,72.431,HANDOFF,0,,5,,
2026-03-17 19:48:52,72.462,HANDOFF,0,,5,,
2026-03-17 19:48:52,72.495,HANDOFF,0,,5,,
2026-03-17 19:48:52,72.527,HANDOFF,0,,5,,
2026-03-17 19:48:52,72.562,HANDOFF,0,,5,,
2026-03-17 19:48:52,72.592,HANDOFF,0,,5,,
2026-03-17 19:48:52,72.622,HANDOFF,0,,5,,
2026-03-17 19:48:52,72.687,HANDOFF,0,,5,,
2026-03-17 19:48:52,72.718,HANDOFF,0,,5,,
2026-03-17 19:48:52,72.748,HANDOFF,0,,5,,
2026-03-17 19:48:53,72.782,HANDOFF,0,,5,,
2026-03-17 19:48:53,72.812,HANDOFF,0,,5,,
2026-03-17 19:48:53,72.849,HANDOFF,0,,5,,
2026-03-17 19:48:53,72.878,HANDOFF,0,,5,,
2026-03-17 19:48:53,72.889,HANDOFF,0,,5,,
2026-03-17 19:48:53,72.912,HANDOFF,0,,5,,
2026-03-17 19:48:53,72.959,HANDOFF,0,,5,,
2026-03-17 19:48:53,72.991,HANDOFF,0,,5,,
2026-03-17 19:48:53,73.024,HANDOFF,0,,5,,
2026-03-17 19:48:53,73.086,HANDOFF,0,,5,,
2026-03-17 19:48:53,73.117,HANDOFF,0,,5,,
2026-03-17 19:48:53,73.152,HANDOFF,0,,5,,
2026-03-17 19:48:53,73.183,HANDOFF,0,,5,,
2026-03-17 19:48:53,73.215,HANDOFF,0,,5,,
2026-03-17 19:48:53,73.246,HANDOFF,0,,5,,
2026-03-17 19:48:53,73.280,HANDOFF,0,,5,,
2026-03-17 19:48:53,73.311,HANDOFF,0,,5,,
2026-03-17 19:48:53,73.343,HANDOFF,0,,5,,
2026-03-17 19:48:53,73.375,HANDOFF,0,,5,,
2026-03-17 19:48:53,73.406,HANDOFF,0,,5,,
2026-03-17 19:48:53,73.440,HANDOFF,0,,5,,
2026-03-17 19:48:53,73.473,HANDOFF,0,,5,,
2026-03-17 19:48:53,73.517,HANDOFF,0,,5,,
2026-03-17 19:48:53,73.551,HANDOFF,0,,5,,
2026-03-17 19:48:53,73.584,HANDOFF,0,,5,,
2026-03-17 19:48:53,73.615,HANDOFF,0,,5,,
2026-03-17 19:48:53,73.646,HANDOFF,0,,5,,
2026-03-17 19:48:53,73.678,HANDOFF,0,,5,,
2026-03-17 19:48:53,73.714,HANDOFF,0,,5,,
2026-03-17 19:48:53,73.743,HANDOFF,0,,5,,
2026-03-17 19:48:54,73.776,HANDOFF,0,,5,,
2026-03-17 19:48:54,73.807,HANDOFF,0,,5,,
2026-03-17 19:48:54,73.839,HANDOFF,0,,5,,
2026-03-17 19:48:54,73.871,HANDOFF,0,,5,,
2026-03-17 19:48:54,73.902,HANDOFF,0,,5,,
2026-03-17 19:48:54,73.935,HANDOFF,0,,5,,
2026-03-17 19:48:54,73.967,HANDOFF,0,,5,,
2026-03-17 19:48:54,73.998,HANDOFF,0,,5,,
2026-03-17 19:48:54,74.031,HANDOFF,0,,5,,
2026-03-17 19:48:54,74.062,HANDOFF,0,,5,,
2026-03-17 19:48:54,74.111,HANDOFF,0,,5,,
2026-03-17 19:48:54,74.143,HANDOFF,0,,5,,
2026-03-17 19:48:54,74.176,HANDOFF,0,,5,,
2026-03-17 19:48:54,74.206,HANDOFF,0,,5,,
2026-03-17 19:48:54,74.240,HANDOFF,0,,5,,
2026-03-17 19:48:54,74.272,HANDOFF,0,,5,,
2026-03-17 19:48:54,74.302,HANDOFF,0,,5,,
2026-03-17 19:48:54,74.335,HANDOFF,0,,5,,
2026-03-17 19:48:54,74.371,HANDOFF,0,,5,,
2026-03-17 19:48:54,74.397,HANDOFF,0,,5,,
2026-03-17 19:48:54,74.431,HANDOFF,0,,5,,
2026-03-17 19:48:54,74.463,HANDOFF,0,,5,,
2026-03-17 19:48:54,74.494,HANDOFF,0,,5,,
2026-03-17 19:48:54,74.526,HANDOFF,0,,5,,
2026-03-17 19:48:54,74.560,HANDOFF,0,,5,,
2026-03-17 19:48:54,74.593,HANDOFF,0,,5,,
2026-03-17 19:48:54,74.626,HANDOFF,0,,5,,
2026-03-17 19:48:54,74.670,HANDOFF,0,,5,,
2026-03-17 19:48:54,74.704,HANDOFF,0,,5,,
2026-03-17 19:48:54,74.735,HANDOFF,0,,5,,
2026-03-17 19:48:54,74.765,HANDOFF,0,,5,,
2026-03-17 19:48:55,74.801,HANDOFF,0,,5,,
2026-03-17 19:48:55,74.833,HANDOFF,0,,5,,
2026-03-17 19:48:55,74.863,HANDOFF,0,,5,,
2026-03-17 19:48:55,74.893,HANDOFF,0,,5,,
2026-03-17 19:48:55,74.925,HANDOFF,0,,5,,
2026-03-17 19:48:55,74.957,HANDOFF,0,,5,,
2026-03-17 19:48:55,74.992,HANDOFF,0,,5,,
2026-03-17 19:48:55,75.026,HANDOFF,0,,5,,
2026-03-17 19:48:55,75.086,HANDOFF,0,,5,,
2026-03-17 19:48:55,75.119,HANDOFF,0,,5,,
2026-03-17 19:48:55,75.150,HANDOFF,0,,5,,
2026-03-17 19:48:55,75.182,HANDOFF,0,,5,,
2026-03-17 19:48:55,75.192,HANDOFF,0,,5,,
2026-03-17 19:48:55,75.216,HANDOFF,0,,5,,
2026-03-17 19:48:55,75.263,HANDOFF,0,,5,,
2026-03-17 19:48:55,75.294,HANDOFF,0,,5,,
2026-03-17 19:48:55,75.328,HANDOFF,0,,5,,
2026-03-17 19:48:55,75.361,HANDOFF,0,,5,,
2026-03-17 19:48:55,75.394,HANDOFF,0,,5,,
2026-03-17 19:48:55,75.427,HANDOFF,0,,5,,
2026-03-17 19:48:55,75.489,HANDOFF,0,,5,,
2026-03-17 19:48:55,75.521,HANDOFF,0,,5,,
2026-03-17 19:48:55,75.551,HANDOFF,0,,5,,
2026-03-17 19:48:55,75.582,HANDOFF,0,,5,,
2026-03-17 19:48:55,75.616,HANDOFF,0,,5,,
2026-03-17 19:48:55,75.647,HANDOFF,0,,5,,
2026-03-17 19:48:55,75.679,HANDOFF,0,,5,,
2026-03-17 19:48:55,75.712,HANDOFF,0,,5,,
2026-03-17 19:48:55,75.743,HANDOFF,0,,5,,
2026-03-17 19:48:56,75.776,HANDOFF,0,,5,,
2026-03-17 19:48:56,75.782,HANDOFF,0,,5,,
2026-03-17 19:48:56,75.824,HANDOFF,0,,5,,
2026-03-17 19:48:56,75.889,HANDOFF,0,,5,,
2026-03-17 19:48:56,75.917,HANDOFF,0,,5,,
2026-03-17 19:48:56,75.950,HANDOFF,0,,5,,
2026-03-17 19:48:56,75.983,HANDOFF,0,,5,,
2026-03-17 19:48:56,76.014,HANDOFF,0,,5,,
2026-03-17 19:48:56,76.047,HANDOFF,0,,5,,
2026-03-17 19:48:56,76.080,HANDOFF,0,,5,,
2026-03-17 19:48:56,76.114,HANDOFF,0,,5,,
2026-03-17 19:48:56,76.141,HANDOFF,0,,5,,
2026-03-17 19:48:56,76.175,HANDOFF,0,,5,,
2026-03-17 19:48:56,76.209,HANDOFF,0,,5,,
2026-03-17 19:48:56,76.239,HANDOFF,0,,5,,
2026-03-17 19:48:56,76.270,HANDOFF,0,,5,,
2026-03-17 19:48:56,76.303,HANDOFF,0,,5,,
2026-03-17 19:48:56,76.334,HANDOFF,0,,5,,
2026-03-17 19:48:56,76.369,HANDOFF,0,,5,,
2026-03-17 19:48:56,76.414,HANDOFF,0,,5,,
2026-03-17 19:48:56,76.449,HANDOFF,0,,5,,
2026-03-17 19:48:56,76.480,HANDOFF,0,,5,,
2026-03-17 19:48:56,76.512,HANDOFF,0,,5,,
2026-03-17 19:48:56,76.542,HANDOFF,0,,5,,
2026-03-17 19:48:56,76.577,HANDOFF,0,,5,,
2026-03-17 19:48:56,76.608,HANDOFF,0,,5,,
2026-03-17 19:48:56,76.639,HANDOFF,0,,5,,
2026-03-17 19:48:56,76.669,HANDOFF,0,,5,,
2026-03-17 19:48:56,76.703,HANDOFF,0,,5,,
2026-03-17 19:48:56,76.737,HANDOFF,0,,5,,
2026-03-17 19:48:57,76.767,HANDOFF,0,,5,,
2026-03-17 19:48:57,76.802,HANDOFF,0,,5,,
2026-03-17 19:48:57,76.833,HANDOFF,0,,5,,
2026-03-17 19:48:57,76.864,HANDOFF,0,,5,,
2026-03-17 19:48:57,76.894,HANDOFF,0,,5,,
2026-03-17 19:48:57,76.927,HANDOFF,0,,5,,
2026-03-17 19:48:57,76.975,HANDOFF,0,,5,,
2026-03-17 19:48:57,77.009,HANDOFF,0,,5,,
2026-03-17 19:48:57,77.037,HANDOFF,0,,5,,
2026-03-17 19:48:57,77.072,HANDOFF,0,,5,,
2026-03-17 19:48:57,77.101,HANDOFF,0,,5,,
2026-03-17 19:48:57,77.135,HANDOFF,0,,5,,
2026-03-17 19:48:57,77.167,HANDOFF,0,,5,,
2026-03-17 19:48:57,77.197,HANDOFF,0,,5,,
2026-03-17 19:48:57,77.232,HANDOFF,0,,5,,
2026-03-17 19:48:57,77.263,HANDOFF,0,,5,,
2026-03-17 19:48:57,77.296,HANDOFF,0,,5,,
2026-03-17 19:48:57,77.326,HANDOFF,0,,5,,
2026-03-17 19:48:57,77.358,HANDOFF,0,,5,,
2026-03-17 19:48:57,77.392,HANDOFF,0,,5,,
2026-03-17 19:48:57,77.420,HANDOFF,0,,5,,
2026-03-17 19:48:57,77.488,HANDOFF,0,,5,,
2026-03-17 19:48:57,77.494,HANDOFF,0,,5,,
2026-03-17 19:48:57,77.520,HANDOFF,0,,5,,
2026-03-17 19:48:57,77.566,HANDOFF,0,,5,,
2026-03-17 19:48:57,77.598,HANDOFF,0,,5,,
2026-03-17 19:48:57,77.630,HANDOFF,0,,5,,
2026-03-17 19:48:57,77.665,HANDOFF,0,,5,,
2026-03-17 19:48:57,77.695,HANDOFF,0,,5,,
2026-03-17 19:48:57,77.727,HANDOFF,0,,5,,
2026-03-17 19:48:57,77.758,HANDOFF,0,,5,,
2026-03-17 19:48:58,77.790,HANDOFF,0,,5,,
2026-03-17 19:48:58,77.823,HANDOFF,0,,5,,
2026-03-17 19:48:58,77.891,HANDOFF,0,,5,,
2026-03-17 19:48:58,77.916,HANDOFF,0,,5,,
2026-03-17 19:48:58,77.950,HANDOFF,0,,5,,
2026-03-17 19:48:58,77.983,HANDOFF,0,,5,,
2026-03-17 19:48:58,78.013,HANDOFF,0,,5,,
2026-03-17 19:48:58,78.047,HANDOFF,0,,5,,
2026-03-17 19:48:58,78.085,HANDOFF,0,,5,,
2026-03-17 19:48:58,78.104,HANDOFF,0,,5,,
2026-03-17 19:48:58,78.129,HANDOFF,0,,5,,
2026-03-17 19:48:58,78.159,HANDOFF,0,,5,,
2026-03-17 19:48:58,78.190,HANDOFF,0,,5,,
2026-03-17 19:48:58,78.225,HANDOFF,0,,5,,
2026-03-17 19:48:58,78.287,HANDOFF,0,,5,,
2026-03-17 19:48:58,78.318,HANDOFF,0,,5,,
2026-03-17 19:48:58,78.351,HANDOFF,0,,5,,
2026-03-17 19:48:58,78.383,HANDOFF,0,,5,,
2026-03-17 19:48:58,78.414,HANDOFF,0,,5,,
2026-03-17 19:48:58,78.446,HANDOFF,0,,5,,
2026-03-17 19:48:58,78.479,HANDOFF,0,,5,,
2026-03-17 19:48:58,78.511,HANDOFF,0,,5,,
2026-03-17 19:48:58,78.545,HANDOFF,0,,5,,
2026-03-17 19:48:58,78.574,HANDOFF,0,,5,,
2026-03-17 19:48:58,78.607,HANDOFF,0,,5,,
2026-03-17 19:48:58,78.639,HANDOFF,0,,5,,
2026-03-17 19:48:58,78.669,HANDOFF,0,,5,,
2026-03-17 19:48:58,78.719,HANDOFF,0,,5,,
2026-03-17 19:48:58,78.751,HANDOFF,0,,5,,
2026-03-17 19:48:59,78.783,HANDOFF,0,,5,,
2026-03-17 19:48:59,78.816,HANDOFF,0,,5,,
2026-03-17 19:48:59,78.848,HANDOFF,0,,5,,
2026-03-17 19:48:59,78.879,HANDOFF,0,,5,,
2026-03-17 19:48:59,78.911,HANDOFF,0,,5,,
2026-03-17 19:48:59,78.943,HANDOFF,0,,5,,
2026-03-17 19:48:59,78.974,HANDOFF,0,,5,,
2026-03-17 19:48:59,79.007,HANDOFF,0,,5,,
2026-03-17 19:48:59,79.040,HANDOFF,0,,5,,
2026-03-17 19:48:59,79.072,HANDOFF,0,,5,,
2026-03-17 19:48:59,79.103,HANDOFF,0,,5,,
2026-03-17 19:48:59,79.134,HANDOFF,0,,5,,
2026-03-17 19:48:59,79.164,HANDOFF,0,,5,,
2026-03-17 19:48:59,79.198,HANDOFF,0,,5,,
2026-03-17 19:48:59,79.230,HANDOFF,0,,5,,
2026-03-17 19:48:59,79.262,HANDOFF,0,,5,,
2026-03-17 19:48:59,79.309,HANDOFF,0,,5,,
2026-03-17 19:48:59,79.341,HANDOFF,0,,5,,
2026-03-17 19:48:59,79.373,HANDOFF,0,,5,,
2026-03-17 19:48:59,79.410,HANDOFF,0,,5,,
2026-03-17 19:48:59,79.438,HANDOFF,0,,5,,
2026-03-17 19:48:59,79.472,HANDOFF,0,,5,,
2026-03-17 19:48:59,79.505,HANDOFF,0,,5,,
2026-03-17 19:48:59,79.536,HANDOFF,0,,5,,
2026-03-17 19:48:59,79.568,HANDOFF,0,,5,,
2026-03-17 19:48:59,79.599,HANDOFF,0,,5,,
2026-03-17 19:48:59,79.632,HANDOFF,0,,5,,
2026-03-17 19:48:59,79.666,HANDOFF,0,,5,,
2026-03-17 19:48:59,79.695,HANDOFF,0,,5,,
2026-03-17 19:48:59,79.727,HANDOFF,0,,5,,
2026-03-17 19:48:59,79.760,HANDOFF,0,,5,,
2026-03-17 19:49:00,79.793,HANDOFF,0,,5,,
2026-03-17 19:49:00,79.822,HANDOFF,0,,5,,
2026-03-17 19:49:00,79.870,HANDOFF,0,,5,,
2026-03-17 19:49:00,79.904,HANDOFF,0,,5,,
2026-03-17 19:49:00,79.932,HANDOFF,0,,5,,
2026-03-17 19:49:00,79.967,HANDOFF,0,,5,,
2026-03-17 19:49:00,80.000,HANDOFF,0,,5,,
2026-03-17 19:49:00,80.031,HANDOFF,0,,5,,
2026-03-17 19:49:00,80.066,HANDOFF,0,,5,,
2026-03-17 19:49:00,80.097,HANDOFF,0,,5,,
2026-03-17 19:49:00,80.126,HANDOFF,0,,5,,
2026-03-17 19:49:00,80.159,HANDOFF,0,,5,,
2026-03-17 19:49:00,80.194,HANDOFF,0,,5,,
2026-03-17 19:49:00,80.224,HANDOFF,0,,5,,
2026-03-17 19:49:00,80.289,HANDOFF,0,,5,,
2026-03-17 19:49:00,80.321,HANDOFF,0,,5,,
2026-03-17 19:49:00,80.351,HANDOFF,0,,5,,
2026-03-17 19:49:00,80.384,HANDOFF,0,,5,,
2026-03-17 19:49:00,80.391,HANDOFF,0,,5,,
2026-03-17 19:49:00,80.415,HANDOFF,0,,5,,
2026-03-17 19:49:00,80.463,HANDOFF,0,,5,,
2026-03-17 19:49:00,80.494,HANDOFF,0,,5,,
2026-03-17 19:49:00,80.527,HANDOFF,0,,5,,
2026-03-17 19:49:00,80.558,HANDOFF,0,,5,,
2026-03-17 19:49:00,80.590,HANDOFF,0,,5,,
2026-03-17 19:49:00,80.624,HANDOFF,0,,5,,
2026-03-17 19:49:00,80.685,HANDOFF,0,,5,,
2026-03-17 19:49:00,80.719,HANDOFF,0,,5,,
2026-03-17 19:49:00,80.750,HANDOFF,0,,5,,
2026-03-17 19:49:01,80.781,HANDOFF,0,,5,,
2026-03-17 19:49:01,80.815,HANDOFF,0,,5,,
2026-03-17 19:49:01,80.848,HANDOFF,0,,5,,
2026-03-17 19:49:01,80.879,HANDOFF,0,,5,,
2026-03-17 19:49:01,80.912,HANDOFF,0,,5,,
2026-03-17 19:49:01,80.944,HANDOFF,0,,5,,
2026-03-17 19:49:01,80.973,HANDOFF,0,,5,,
2026-03-17 19:49:01,80.988,HANDOFF,0,,5,,
2026-03-17 19:49:01,81.027,HANDOFF,0,,5,,
2026-03-17 19:49:01,81.088,HANDOFF,0,,5,,
2026-03-17 19:49:01,81.122,HANDOFF,0,,5,,
2026-03-17 19:49:01,81.153,HANDOFF,0,,5,,
2026-03-17 19:49:01,81.182,HANDOFF,0,,5,,
2026-03-17 19:49:01,81.215,HANDOFF,0,,5,,
2026-03-17 19:49:01,81.248,HANDOFF,0,,5,,
2026-03-17 19:49:01,81.279,HANDOFF,0,,5,,
2026-03-17 19:49:01,81.311,HANDOFF,0,,5,,
2026-03-17 19:49:01,81.342,HANDOFF,0,,5,,
2026-03-17 19:49:01,81.372,HANDOFF,0,,5,,
2026-03-17 19:49:01,81.410,HANDOFF,0,,5,,
2026-03-17 19:49:01,81.438,HANDOFF,0,,5,,
2026-03-17 19:49:01,81.472,HANDOFF,0,,5,,
2026-03-17 19:49:01,81.502,HANDOFF,0,,5,,
2026-03-17 19:49:01,81.535,HANDOFF,0,,5,,
2026-03-17 19:49:01,81.569,HANDOFF,0,,5,,
2026-03-17 19:49:01,81.616,HANDOFF,0,,5,,
2026-03-17 19:49:01,81.648,HANDOFF,0,,5,,
2026-03-17 19:49:01,81.677,HANDOFF,0,,5,,
2026-03-17 19:49:01,81.712,HANDOFF,0,,5,,
2026-03-17 19:49:01,81.741,HANDOFF,0,,5,,
2026-03-17 19:49:02,81.773,HANDOFF,0,,5,,
2026-03-17 19:49:02,81.806,HANDOFF,0,,5,,
2026-03-17 19:49:02,81.840,HANDOFF,0,,5,,
2026-03-17 19:49:02,81.872,HANDOFF,0,,5,,
2026-03-17 19:49:02,81.905,HANDOFF,0,,5,,
2026-03-17 19:49:02,81.933,HANDOFF,0,,5,,
2026-03-17 19:49:02,81.967,HANDOFF,0,,5,,
2026-03-17 19:49:02,81.997,HANDOFF,0,,5,,
2026-03-17 19:49:02,82.034,HANDOFF,0,,5,,
2026-03-17 19:49:02,82.064,HANDOFF,0,,5,,
2026-03-17 19:49:02,82.095,HANDOFF,0,,5,,
2026-03-17 19:49:02,82.125,HANDOFF,0,,5,,
2026-03-17 19:49:02,82.174,HANDOFF,0,,5,,
2026-03-17 19:49:02,82.206,HANDOFF,0,,5,,
2026-03-17 19:49:02,82.236,HANDOFF,0,,5,,
2026-03-17 19:49:02,82.271,HANDOFF,0,,5,,
2026-03-17 19:49:02,82.304,HANDOFF,0,,5,,
2026-03-17 19:49:02,82.333,HANDOFF,0,,5,,
2026-03-17 19:49:02,82.367,HANDOFF,0,,5,,
2026-03-17 19:49:02,82.398,HANDOFF,0,,5,,
2026-03-17 19:49:02,82.429,HANDOFF,0,,5,,
2026-03-17 19:49:02,82.465,HANDOFF,0,,5,,
2026-03-17 19:49:02,82.496,HANDOFF,0,,5,,
2026-03-17 19:49:02,82.527,HANDOFF,0,,5,,
2026-03-17 19:49:02,82.559,HANDOFF,0,,5,,
2026-03-17 19:49:02,82.590,HANDOFF,0,,5,,
2026-03-17 19:49:02,82.625,HANDOFF,0,,5,,
2026-03-17 19:49:02,82.656,HANDOFF,0,,5,,
2026-03-17 19:49:02,82.691,HANDOFF,0,,5,,
2026-03-17 19:49:02,82.720,HANDOFF,0,,5,,
2026-03-17 19:49:03,82.769,HANDOFF,0,,5,,
2026-03-17 19:49:03,82.799,HANDOFF,0,,5,,
2026-03-17 19:49:03,82.832,HANDOFF,0,,5,,
2026-03-17 19:49:03,82.867,HANDOFF,0,,5,,
2026-03-17 19:49:03,82.894,HANDOFF,0,,5,,
2026-03-17 19:49:03,82.925,HANDOFF,0,,5,,
2026-03-17 19:49:03,82.958,HANDOFF,0,,5,,
2026-03-17 19:49:03,82.990,HANDOFF,0,,5,,
2026-03-17 19:49:03,83.023,HANDOFF,0,,5,,
2026-03-17 19:49:03,83.086,HANDOFF,0,,5,,
2026-03-17 19:49:03,83.120,HANDOFF,0,,5,,
2026-03-17 19:49:03,83.152,HANDOFF,0,,5,,
2026-03-17 19:49:03,83.180,HANDOFF,0,,5,,
2026-03-17 19:49:03,83.215,HANDOFF,0,,5,,
2026-03-17 19:49:03,83.246,HANDOFF,0,,5,,
2026-03-17 19:49:03,83.279,HANDOFF,0,,5,,
2026-03-17 19:49:03,83.286,HANDOFF,0,,5,,
2026-03-17 19:49:03,83.328,HANDOFF,0,,5,,
2026-03-17 19:49:03,83.358,HANDOFF,0,,5,,
2026-03-17 19:49:03,83.389,HANDOFF,0,,5,,
2026-03-17 19:49:03,83.420,HANDOFF,0,,5,,
2026-03-17 19:49:03,83.487,HANDOFF,0,,5,,
2026-03-17 19:49:03,83.518,HANDOFF,0,,5,,
2026-03-17 19:49:03,83.552,HANDOFF,0,,5,,
2026-03-17 19:49:03,83.587,HANDOFF,0,,5,,
2026-03-17 19:49:03,83.616,HANDOFF,0,,5,,
2026-03-17 19:49:03,83.648,HANDOFF,0,,5,,
2026-03-17 19:49:03,83.678,HANDOFF,0,,5,,
2026-03-17 19:49:03,83.711,HANDOFF,0,,5,,
2026-03-17 19:49:03,83.743,HANDOFF,0,,5,,
2026-03-17 19:49:04,83.775,HANDOFF,0,,5,,
2026-03-17 19:49:04,83.808,HANDOFF,0,,5,,
2026-03-17 19:49:04,83.842,HANDOFF,0,,5,,
2026-03-17 19:49:04,83.874,HANDOFF,0,,5,,
2026-03-17 19:49:04,83.917,HANDOFF,0,,5,,
2026-03-17 19:49:04,83.951,HANDOFF,0,,5,,
2026-03-17 19:49:04,83.983,HANDOFF,0,,5,,
2026-03-17 19:49:04,84.017,HANDOFF,0,,5,,
2026-03-17 19:49:04,84.046,HANDOFF,0,,5,,
2026-03-17 19:49:04,84.079,HANDOFF,0,,5,,
2026-03-17 19:49:04,84.110,HANDOFF,0,,5,,
2026-03-17 19:49:04,84.145,HANDOFF,0,,5,,
2026-03-17 19:49:04,84.177,HANDOFF,0,,5,,
2026-03-17 19:49:04,84.206,HANDOFF,0,,5,,
2026-03-17 19:49:04,84.237,HANDOFF,0,,5,,
2026-03-17 19:49:04,84.271,HANDOFF,0,,5,,
2026-03-17 19:49:04,84.301,HANDOFF,0,,5,,
2026-03-17 19:49:04,84.332,HANDOFF,0,,5,,
2026-03-17 19:49:04,84.365,HANDOFF,0,,5,,
2026-03-17 19:49:04,84.397,HANDOFF,0,,5,,
2026-03-17 19:49:04,84.430,HANDOFF,0,,5,,
2026-03-17 19:49:04,84.479,HANDOFF,0,,5,,
2026-03-17 19:49:04,84.511,HANDOFF,0,,5,,
2026-03-17 19:49:04,84.544,HANDOFF,0,,5,,
2026-03-17 19:49:04,84.578,HANDOFF,0,,5,,
2026-03-17 19:49:04,84.610,HANDOFF,0,,5,,
2026-03-17 19:49:04,84.641,HANDOFF,0,,5,,
2026-03-17 19:49:04,84.677,HANDOFF,0,,5,,
2026-03-17 19:49:04,84.702,HANDOFF,0,,5,,
2026-03-17 19:49:04,84.736,HANDOFF,0,,5,,
2026-03-17 19:49:05,84.768,HANDOFF,0,,5,,
2026-03-17 19:49:05,84.798,HANDOFF,0,,5,,
2026-03-17 19:49:05,84.832,HANDOFF,0,,5,,
2026-03-17 19:49:05,84.862,HANDOFF,0,,5,,
2026-03-17 19:49:05,84.895,HANDOFF,0,,5,,
2026-03-17 19:49:05,84.929,HANDOFF,0,,5,,
2026-03-17 19:49:05,84.960,HANDOFF,0,,5,,
2026-03-17 19:49:05,84.991,HANDOFF,0,,5,,
2026-03-17 19:49:05,85.023,HANDOFF,0,,5,,
2026-03-17 19:49:05,85.069,HANDOFF,0,,5,,
2026-03-17 19:49:05,85.101,HANDOFF,0,,5,,
2026-03-17 19:49:05,85.134,HANDOFF,0,,5,,
2026-03-17 19:49:05,85.165,HANDOFF,0,,5,,
2026-03-17 19:49:05,85.198,HANDOFF,0,,5,,
2026-03-17 19:49:05,85.230,HANDOFF,0,,5,,
2026-03-17 19:49:05,85.263,HANDOFF,0,,5,,
2026-03-17 19:49:05,85.294,HANDOFF,0,,5,,
2026-03-17 19:49:05,85.329,HANDOFF,0,,5,,
2026-03-17 19:49:05,85.361,HANDOFF,0,,5,,
2026-03-17 19:49:05,85.390,HANDOFF,0,,5,,
2026-03-17 19:49:05,85.422,HANDOFF,0,,5,,
2026-03-17 19:49:05,85.488,HANDOFF,0,,5,,
2026-03-17 19:49:05,85.518,HANDOFF,0,,5,,
2026-03-17 19:49:05,85.549,HANDOFF,0,,5,,
2026-03-17 19:49:05,85.582,HANDOFF,0,,5,,
2026-03-17 19:49:05,85.596,HANDOFF,0,,5,,
2026-03-17 19:49:05,85.632,HANDOFF,0,,5,,
2026-03-17 19:49:05,85.663,HANDOFF,0,,5,,
2026-03-17 19:49:05,85.698,HANDOFF,0,,5,,
2026-03-17 19:49:05,85.726,HANDOFF,0,,5,,
2026-03-17 19:49:05,85.761,HANDOFF,0,,5,,
